epoch,loss,mae,mse,val_loss,val_mae,val_mse
0,0.07705888152122498,0.18164607882499695,0.07705888152122498,0.023992499336600304,0.11487045884132385,0.023992499336600304
1,0.031697433441877365,0.13418196141719818,0.031697433441877365,0.025037994608283043,0.12201972305774689,0.025037994608283043
