epoch,loss,mae,mse,val_loss,val_mae,val_mse
0,0.08693724125623703,0.18367797136306763,0.08693724125623703,0.026430103927850723,0.12209077179431915,0.026430103927850723
1,0.03167429193854332,0.13368894159793854,0.03167429193854332,0.02693125419318676,0.12198854237794876,0.02693125419318676
2,0.028326366096735,0.12539441883563995,0.028326366096735,0.03046916052699089,0.12977154552936554,0.03046916052699089
3,0.026893310248851776,0.12169896811246872,0.026893310248851776,0.023885056376457214,0.11190161854028702,0.023885056376457214
