epoch,loss,mae,mse,val_loss,val_mae,val_mse
0,0.08562417328357697,0.1856583058834076,0.08562417328357697,0.03121589869260788,0.13760940730571747,0.03121589869260788
1,0.03268388286232948,0.13553465902805328,0.03268388286232948,0.028263483196496964,0.1285380870103836,0.028263483196496964
2,0.028738947585225105,0.12619417905807495,0.028738947585225105,0.024330759420990944,0.11587759852409363,0.024330759420990944
